{
  "drive": {
    "p": 0.0000023,
    "i": 0.000000,
    "d": 1,
    "f": 0,
    "iz": 0
  },
  "angle": {
    "p": 0.01,
    "i": 0,
    "d": 0.1,
    "f": 0,
    "iz": 0
  }
}