{
  "drive": {
    "p": 0.00000000000000023,
    "i": 0.000000,
    "d": 0,
    "f": 0,
    "iz": 0
  },
  "angle": {
    "p": 0.01,
    "i": 0.0000001,
    "d": 0.1,
    "f": 0,
    "iz": 0
  }
}